{"schemaVersion":"1.0","appDefinitionTemplate":{"id":"/providers/Microsoft.PowerApps/apps/","type":"Microsoft.PowerApps/apps","tags":{"primaryDeviceWidth":"640","primaryDeviceHeight":"1136","supportsPortrait":"true","supportsLandscape":"true","primaryFormFactor":"Phone","publisherVersion":"3.22041.27","minimumRequiredApiVersion":"2.2.0","hasComponent":"false","hasUnlockedComponent":"false","isUnifiedRootApp":"false","sienaVersion":"20220415T083105Z-3.22041.27.0"},"properties":{"appVersion":"2022-04-15T08:31:05Z","lifeCycleId":"Published","createdByClientVersion":{"major":3,"minor":22041,"build":27,"revision":0,"majorRevision":0,"minorRevision":0},"minClientVersion":{"major":3,"minor":22041,"build":27,"revision":0,"majorRevision":0,"minorRevision":0},"backgroundColor":"RGBA(0,176,240,1)","backgroundImageUri":"/5246367924364249232/Ndd17b947-f4c2-49a1-b122-145e3e3221fd-logoSmallFile","displayName":"Login Form","description":"","commitMessage":"","appUris":{"documentUri":{"value":"/5246367924364249232/N97a91934-75b6-4b7d-becd-4a6bbd2eef22-document.msapp"},"imageUris":[]},"createdTime":"0001-01-01T00:00:00Z","lastModifiedTime":"0001-01-01T00:00:00Z","sharedGroupsCount":0,"sharedUsersCount":0,"icons":{"smallIconUri":"/5246367924364249232/Ne41c5723-6de6-4796-b4cf-25e6da8cc68c-small.png","mediumIconUri":"/5246367924364249232/Nba5702d3-0225-406d-a87d-c2f3c063cad9-medium.png","largeIconUri":"/5246367924364249232/Nb4ab6256-1612-44ee-bad0-90a70caf05b5-large.png","wideIconUri":"/5246367924364249232/Na92f1f78-6f33-44c2-a47d-a27ec880af40-wide.png"},"connectionReferences":{"e384cc23-7829-44df-a193-f1f9891c248d":{"id":"da734409-dabf-4342-ab33-ecc56ffa54e2","displayName":"SharePoint","iconUri":"https://connectoricons-prod.azureedge.net/releases/v1.0.1568/1.0.1568.2757/sharepointonline/icon.png","dataSources":["Log in"],"dependencies":[],"dependents":[],"parameterHints":{},"parameterHintsV2":{},"isOnPremiseConnection":false,"dataSets":{"https://hoyagw.sharepoint.com/sites/VCCL_HDST":{"dataSources":{"Log in":{"tableName":"c15d4da2-9cf4-4073-ad85-89e678297c38"}}}},"apiTier":"Standard","isCustomApiConnection":false,"actions":["providers/PowerPlatform.Governance/Operations/Read"]}},"databaseReferences":{},"almMode":"Environment","performanceOptimizationEnabled":true,"canConsumeAppPass":true,"executionRestrictions":{"isTeamsOnly":false,"dataLossPreventionEvaluationResult":{"status":"Compliant","lastEvaluationDate":"2022-04-15T08:31:21.7618189Z","violations":[],"violationsByPolicy":[],"violationErrorMessage":"The app uses the following connectors: shared_sharepointonline."}}},"appType":"ClassicCanvasApp","appComponents":[]}}